INSERT INTO Users (UUID, Username, UserLevel, DateOfCreation) VALUES (UuidToBin(UUID()), "Lily", 0, CURRENT_TIMESTAMP);
INSERT INTO Users (UUID, Username, UserLevel, DateOfCreation) VALUES (UuidToBin(UUID()), "Heidy", 0, CURRENT_TIMESTAMP);
INSERT INTO Users (UUID, Username, UserLevel, DateOfCreation) VALUES (UuidToBin(UUID()), "Cody", 0, CURRENT_TIMESTAMP);
INSERT INTO Users (UUID, Username, UserLevel, DateOfCreation) VALUES (UuidToBin(UUID()), "Keegan", 0, CURRENT_TIMESTAMP);
INSERT INTO Users (UUID, Username, UserLevel, DateOfCreation) VALUES (UuidToBin(UUID()), "Harley", 0, CURRENT_TIMESTAMP);
INSERT INTO Users (UUID, Username, UserLevel, DateOfCreation) VALUES (UuidToBin(UUID()), "Destiny", 0, CURRENT_TIMESTAMP);
INSERT INTO Users (UUID, Username, UserLevel, DateOfCreation) VALUES (UuidToBin(UUID()), "Camilla", 0, CURRENT_TIMESTAMP);
INSERT INTO Users (UUID, Username, UserLevel, DateOfCreation) VALUES (UuidToBin(UUID()), "Angel", 0, CURRENT_TIMESTAMP);
INSERT INTO Users (UUID, Username, UserLevel, DateOfCreation) VALUES (UuidToBin(UUID()), "Kaila", 0, CURRENT_TIMESTAMP);
INSERT INTO Users (UUID, Username, UserLevel, DateOfCreation) VALUES (UuidToBin(UUID()), "Yurem", 0, CURRENT_TIMESTAMP);
INSERT INTO Users (UUID, Username, UserLevel, DateOfCreation) VALUES (UuidToBin(UUID()), "Carl", 0, CURRENT_TIMESTAMP);
INSERT INTO Users (UUID, Username, UserLevel, DateOfCreation) VALUES (UuidToBin(UUID()), "Hana", 0, CURRENT_TIMESTAMP);
INSERT INTO Users (UUID, Username, UserLevel, DateOfCreation) VALUES (UuidToBin(UUID()), "Adelaide", 0, CURRENT_TIMESTAMP);
INSERT INTO Users (UUID, Username, UserLevel, DateOfCreation) VALUES (UuidToBin(UUID()), "Brenna", 0, CURRENT_TIMESTAMP);
INSERT INTO Users (UUID, Username, UserLevel, DateOfCreation) VALUES (UuidToBin(UUID()), "Aleena", 0, CURRENT_TIMESTAMP);
INSERT INTO Users (UUID, Username, UserLevel, DateOfCreation) VALUES (UuidToBin(UUID()), "Terry", 0, CURRENT_TIMESTAMP);
INSERT INTO Users (UUID, Username, UserLevel, DateOfCreation) VALUES (UuidToBin(UUID()), "Ryker", 0, CURRENT_TIMESTAMP);
INSERT INTO Users (UUID, Username, UserLevel, DateOfCreation) VALUES (UuidToBin(UUID()), "Nora", 0, CURRENT_TIMESTAMP);
INSERT INTO Users (UUID, Username, UserLevel, DateOfCreation) VALUES (UuidToBin(UUID()), "Tatum", 0, CURRENT_TIMESTAMP);
INSERT INTO Users (UUID, Username, UserLevel, DateOfCreation) VALUES (UuidToBin(UUID()), "Marina", 0, CURRENT_TIMESTAMP);
INSERT INTO Users (UUID, Username, UserLevel, DateOfCreation) VALUES (UuidToBin(UUID()), "Jordon", 0, CURRENT_TIMESTAMP);
INSERT INTO Users (UUID, Username, UserLevel, DateOfCreation) VALUES (UuidToBin(UUID()), "Nick", 0, CURRENT_TIMESTAMP);
INSERT INTO Users (UUID, Username, UserLevel, DateOfCreation) VALUES (UuidToBin(UUID()), "Tucker", 0, CURRENT_TIMESTAMP);
INSERT INTO Users (UUID, Username, UserLevel, DateOfCreation) VALUES (UuidToBin(UUID()), "Atticus", 0, CURRENT_TIMESTAMP);
INSERT INTO Users (UUID, Username, UserLevel, DateOfCreation) VALUES (UuidToBin(UUID()), "Jackson", 0, CURRENT_TIMESTAMP);

INSERT INTO Careers (UserID, ProfessionID) VALUES (1, 1);
INSERT INTO Careers (UserID, ProfessionID) VALUES (1, 3);
INSERT INTO Careers (UserID, ProfessionID) VALUES (1, 4);
INSERT INTO Careers (UserID, ProfessionID) VALUES (2, 1);
INSERT INTO Careers (UserID, ProfessionID) VALUES (2, 6);
INSERT INTO Careers (UserID, ProfessionID) VALUES (3, 3);
INSERT INTO Careers (UserID, ProfessionID) VALUES (4, 5);
INSERT INTO Careers (UserID, ProfessionID) VALUES (5, 3);
INSERT INTO Careers (UserID, ProfessionID) VALUES (6, 2);
INSERT INTO Careers (UserID, ProfessionID) VALUES (7, 4);
INSERT INTO Careers (UserID, ProfessionID) VALUES (8, 6);
INSERT INTO Careers (UserID, ProfessionID) VALUES (9, 2);
INSERT INTO Careers (UserID, ProfessionID) VALUES (10, 3);
INSERT INTO Careers (UserID, ProfessionID) VALUES (11, 1);
INSERT INTO Careers (UserID, ProfessionID) VALUES (12, 3);
INSERT INTO Careers (UserID, ProfessionID) VALUES (13, 4);
INSERT INTO Careers (UserID, ProfessionID) VALUES (14, 4);
INSERT INTO Careers (UserID, ProfessionID) VALUES (15, 6);
INSERT INTO Careers (UserID, ProfessionID) VALUES (16, 5);
INSERT INTO Careers (UserID, ProfessionID) VALUES (17, 5);
INSERT INTO Careers (UserID, ProfessionID) VALUES (18, 3);
INSERT INTO Careers (UserID, ProfessionID) VALUES (19, 4);
INSERT INTO Careers (UserID, ProfessionID) VALUES (20, 5);
INSERT INTO Careers (UserID, ProfessionID) VALUES (21, 4);
INSERT INTO Careers (UserID, ProfessionID) VALUES (22, 3);
INSERT INTO Careers (UserID, ProfessionID) VALUES (23, 2);
INSERT INTO Careers (UserID, ProfessionID) VALUES (24, 1);
INSERT INTO Careers (UserID, ProfessionID) VALUES (25, 1);

INSERT INTO SideJobs (UserID, SubProfessionID) VALUES (1, 1);
INSERT INTO SideJobs (UserID, SubProfessionID) VALUES (2, 1);
INSERT INTO SideJobs (UserID, SubProfessionID) VALUES (3, 3);
INSERT INTO SideJobs (UserID, SubProfessionID) VALUES (4, 5);
INSERT INTO SideJobs (UserID, SubProfessionID) VALUES (5, 3);
INSERT INTO SideJobs (UserID, SubProfessionID) VALUES (6, 2);
INSERT INTO SideJobs (UserID, SubProfessionID) VALUES (7, 4);
INSERT INTO SideJobs (UserID, SubProfessionID) VALUES (8, 5);
INSERT INTO SideJobs (UserID, SubProfessionID) VALUES (9, 2);
INSERT INTO SideJobs (UserID, SubProfessionID) VALUES (10, 3);
INSERT INTO SideJobs (UserID, SubProfessionID) VALUES (11, 1);
INSERT INTO SideJobs (UserID, SubProfessionID) VALUES (12, 3);
INSERT INTO SideJobs (UserID, SubProfessionID) VALUES (13, 4);
INSERT INTO SideJobs (UserID, SubProfessionID) VALUES (14, 4);
INSERT INTO SideJobs (UserID, SubProfessionID) VALUES (15, 3);
INSERT INTO SideJobs (UserID, SubProfessionID) VALUES (16, 5);
INSERT INTO SideJobs (UserID, SubProfessionID) VALUES (17, 5);
INSERT INTO SideJobs (UserID, SubProfessionID) VALUES (18, 3);
INSERT INTO SideJobs (UserID, SubProfessionID) VALUES (19, 4);
INSERT INTO SideJobs (UserID, SubProfessionID) VALUES (20, 5);
INSERT INTO SideJobs (UserID, SubProfessionID) VALUES (21, 4);
INSERT INTO SideJobs (UserID, SubProfessionID) VALUES (22, 3);
INSERT INTO SideJobs (UserID, SubProfessionID) VALUES (23, 2);
INSERT INTO SideJobs (UserID, SubProfessionID) VALUES (24, 1);
INSERT INTO SideJobs (UserID, SubProfessionID) VALUES (25, 1);

INSERT INTO UserProfHasAugments (UserID, ProfessionID, AugmentID) VALUES (1, 1, 1);
INSERT INTO UserProfHasAugments (UserID, ProfessionID, AugmentID) VALUES (1, 1, 2);
INSERT INTO UserProfHasAugments (UserID, ProfessionID, AugmentID) VALUES (1, 3, 13);
INSERT INTO UserProfHasAugments (UserID, ProfessionID, AugmentID) VALUES (1, 4, 1);
INSERT INTO UserProfHasAugments (UserID, ProfessionID, AugmentID) VALUES (2, 6, 1);
INSERT INTO UserProfHasAugments (UserID, ProfessionID, AugmentID) VALUES (2, 6, 2);
INSERT INTO UserProfHasAugments (UserID, ProfessionID, AugmentID) VALUES (2, 6, 3);
INSERT INTO UserProfHasAugments (UserID, ProfessionID, AugmentID) VALUES (2, 1, 13);

INSERT INTO UserSideJobHasAugments (UserID, SubProfessionID, AugmentID) VALUES (1, 1, 1);
INSERT INTO UserSideJobHasAugments (UserID, SubProfessionID, AugmentID) VALUES (2, 1, 5);
INSERT INTO UserSideJobHasAugments (UserID, SubProfessionID, AugmentID) VALUES (3, 3, 12);
INSERT INTO UserSideJobHasAugments (UserID, SubProfessionID, AugmentID) VALUES (1, 1, 6);
INSERT INTO UserSideJobHasAugments (UserID, SubProfessionID, AugmentID) VALUES (2, 1, 12);
INSERT INTO UserSideJobHasAugments (UserID, SubProfessionID, AugmentID) VALUES (2, 1, 9);























